UDI,Product ID,Type,Air temperature [K],Process temperature [K],Rotational speed [rpm],Torque [Nm],Tool wear [min],Machine failure,TWF,HDF,PWF,OSF,RNF,machine_id,timestamp,operator_id,material_lot,ground_truth_label,failure_modes
8001,H08001,H,298.7,309.4,1474,40.4,5,0,0,0,0,0,0,LINE2-M02,2026-07-29T06:00:00,OP-110,MAT-8800,NORMAL,
8002,H08002,H,303.1,312.9,1552,42.3,10,0,0,0,0,0,0,LINE2-M02,2026-07-29T06:04:00,OP-106,MAT-8818,NORMAL,
8003,M08003,M,300.9,310.3,1413,19.8,13,1,0,0,1,0,0,LINE1-M02,2026-07-29T06:09:00,OP-101,MAT-8804,FAILURE,PWF
8004,H08004,H,299.3,309.9,1423,42.9,18,0,0,0,0,0,0,LINE3-M01,2026-07-29T06:13:00,OP-100,MAT-8811,NORMAL,
8005,L08005,L,304.0,313.9,1583,51.4,20,0,0,0,0,0,0,LINE3-M01,2026-07-29T06:15:00,OP-103,MAT-8816,NORMAL,
8006,M08006,M,300.1,310.2,1839,27.8,23,0,0,0,0,0,0,LINE2-M01,2026-07-29T06:18:00,OP-100,MAT-8809,NORMAL,
8007,L08007,L,302.4,310.5,1876,53.2,25,1,0,0,1,0,0,LINE3-M01,2026-07-29T06:23:00,OP-100,MAT-8814,FAILURE,PWF
8008,H08008,H,296.7,306.1,1535,54.0,30,0,0,0,0,0,0,LINE2-M01,2026-07-29T06:25:00,OP-106,MAT-8813,NORMAL,
8009,H08009,H,296.7,305.9,1607,36.2,35,0,0,0,0,0,0,LINE3-M01,2026-07-29T06:31:00,OP-100,MAT-8802,NORMAL,
8010,H08010,H,295.9,303.9,1236,49.4,40,1,0,1,0,0,0,LINE3-M02,2026-07-29T06:36:00,OP-102,MAT-8813,FAILURE,HDF
8011,H08011,H,299.2,310.1,1514,40.6,45,0,0,0,0,0,0,LINE3-M02,2026-07-29T06:40:00,OP-105,MAT-8814,NORMAL,
8012,M08012,M,299.7,308.3,1448,45.6,48,0,0,0,0,0,0,LINE3-M02,2026-07-29T06:42:00,OP-110,MAT-8803,NORMAL,
8013,M08013,M,301.0,313.5,1375,42.6,51,0,0,0,0,0,0,LINE3-M01,2026-07-29T06:45:00,OP-102,MAT-8812,NORMAL,
8014,M08014,M,300.9,311.5,1275,50.0,54,0,0,0,0,0,0,LINE3-M02,2026-07-29T06:47:00,OP-107,MAT-8815,NORMAL,
8015,L08015,L,300.5,311.0,1276,27.0,56,0,0,0,0,0,0,LINE3-M01,2026-07-29T06:49:00,OP-104,MAT-8813,NORMAL,
8016,M08016,M,301.6,312.3,1535,41.1,59,0,0,0,0,0,0,LINE1-M01,2026-07-29T06:51:00,OP-106,MAT-8806,NORMAL,
8017,H08017,H,300.4,311.2,2262,17.2,64,0,0,0,0,0,0,LINE3-M02,2026-07-29T06:54:00,OP-109,MAT-8816,NORMAL,
8018,M08018,M,300.0,311.8,1353,55.1,67,0,0,0,0,0,0,LINE2-M01,2026-07-29T06:58:00,OP-111,MAT-8801,NORMAL,
8019,L08019,L,305.8,316.3,1690,41.0,69,0,0,0,0,0,0,LINE2-M02,2026-07-29T07:03:00,OP-105,MAT-8802,NORMAL,
8020,L08020,L,298.6,309.2,1168,46.5,71,0,0,0,0,0,0,LINE1-M01,2026-07-29T07:08:00,OP-109,MAT-8805,NORMAL,
8021,M08021,M,302.4,312.3,1326,44.6,74,0,0,0,0,0,0,LINE3-M01,2026-07-29T07:11:00,OP-109,MAT-8814,NORMAL,
8022,H08022,H,300.4,309.6,1168,43.4,79,0,0,0,0,0,0,LINE3-M01,2026-07-29T07:17:00,OP-103,MAT-8812,NORMAL,
8023,M08023,M,299.2,308.5,1725,37.1,82,0,0,0,0,0,0,LINE1-M02,2026-07-29T07:22:00,OP-101,MAT-8802,NORMAL,
8024,M08024,M,301.7,311.1,1761,27.3,85,0,0,0,0,0,0,LINE2-M01,2026-07-29T07:25:00,OP-103,MAT-8805,NORMAL,
8025,L08025,L,301.5,312.0,1168,29.0,87,0,0,0,0,0,0,LINE1-M02,2026-07-29T07:30:00,OP-103,MAT-8814,NORMAL,
8026,L08026,L,299.6,309.5,1696,55.2,89,1,0,0,1,0,0,LINE3-M02,2026-07-29T07:33:00,OP-100,MAT-8817,FAILURE,PWF
8027,H08027,H,299.3,309.8,1859,39.1,94,0,0,0,0,0,0,LINE2-M02,2026-07-29T07:36:00,OP-105,MAT-8818,NORMAL,
8028,L08028,L,302.9,313.0,1812,48.3,96,1,0,0,1,0,0,LINE2-M01,2026-07-29T07:39:00,OP-101,MAT-8818,FAILURE,PWF
8029,L08029,L,298.7,309.8,1168,29.1,98,0,0,0,0,0,0,LINE2-M01,2026-07-29T07:42:00,OP-111,MAT-8802,NORMAL,
8030,H08030,H,300.8,310.1,1219,37.6,103,0,0,0,0,0,0,LINE2-M01,2026-07-29T07:48:00,OP-106,MAT-8810,NORMAL,
8031,H08031,H,300.3,310.4,1607,47.3,108,0,0,0,0,0,0,LINE3-M02,2026-07-29T07:51:00,OP-106,MAT-8802,NORMAL,
8032,L08032,L,301.0,310.8,1532,31.7,110,0,0,0,0,0,0,LINE2-M02,2026-07-29T07:53:00,OP-105,MAT-8807,NORMAL,
8033,M08033,M,299.8,310.2,1296,50.5,113,0,0,0,0,0,0,LINE1-M02,2026-07-29T07:58:00,OP-104,MAT-8814,NORMAL,
8034,L08034,L,298.4,308.8,1663,47.0,115,0,0,0,0,0,0,LINE2-M01,2026-07-29T08:04:00,OP-110,MAT-8801,NORMAL,
8035,L08035,L,298.2,307.5,1632,37.8,117,0,0,0,0,0,0,LINE1-M01,2026-07-29T08:10:00,OP-107,MAT-8819,NORMAL,
8036,M08036,M,297.2,306.7,1851,21.3,120,0,0,0,0,0,0,LINE2-M02,2026-07-29T08:16:00,OP-110,MAT-8810,NORMAL,
8037,M08037,M,298.9,307.4,1491,39.0,123,0,0,0,0,0,0,LINE2-M02,2026-07-29T08:18:00,OP-105,MAT-8816,NORMAL,
8038,L08038,L,299.0,311.4,1659,48.5,125,0,0,0,0,0,0,LINE1-M02,2026-07-29T08:20:00,OP-105,MAT-8811,NORMAL,
8039,L08039,L,299.0,308.7,1555,27.7,127,0,0,0,0,0,0,LINE2-M02,2026-07-29T08:22:00,OP-110,MAT-8800,NORMAL,
8040,L08040,L,303.6,314.2,1468,51.2,129,0,0,0,0,0,0,LINE3-M01,2026-07-29T08:27:00,OP-110,MAT-8803,NORMAL,
8041,M08041,M,301.5,310.9,1379,37.7,132,0,0,0,0,0,0,LINE3-M01,2026-07-29T08:31:00,OP-108,MAT-8801,NORMAL,
8042,L08042,L,297.4,305.7,1852,46.4,134,0,0,0,0,0,0,LINE3-M01,2026-07-29T08:37:00,OP-107,MAT-8816,NORMAL,
8043,H08043,H,301.2,313.1,1572,35.4,139,0,0,0,0,0,0,LINE1-M02,2026-07-29T08:39:00,OP-110,MAT-8816,NORMAL,
8044,H08044,H,302.4,313.5,1788,24.6,144,0,0,0,0,0,0,LINE1-M01,2026-07-29T08:44:00,OP-111,MAT-8819,NORMAL,
8045,H08045,H,299.4,309.5,1402,48.1,149,0,0,0,0,0,0,LINE2-M02,2026-07-29T08:46:00,OP-102,MAT-8803,NORMAL,
8046,H08046,H,300.3,311.7,1797,43.5,154,0,0,0,0,0,0,LINE3-M01,2026-07-29T08:48:00,OP-105,MAT-8816,NORMAL,
8047,L08047,L,297.1,308.2,1580,37.7,156,0,0,0,0,0,0,LINE1-M01,2026-07-29T08:51:00,OP-110,MAT-8811,NORMAL,
8048,H08048,H,301.4,312.0,1267,24.5,161,1,0,0,1,0,0,LINE3-M02,2026-07-29T08:53:00,OP-108,MAT-8818,FAILURE,PWF
8049,L08049,L,301.0,311.2,1898,25.0,163,0,0,0,0,0,0,LINE1-M02,2026-07-29T08:56:00,OP-105,MAT-8808,NORMAL,
8050,H08050,H,300.4,310.0,1313,32.5,168,0,0,0,0,0,0,LINE1-M01,2026-07-29T08:59:00,OP-102,MAT-8809,NORMAL,
8051,H08051,H,299.6,311.8,1871,22.9,173,0,0,0,0,0,0,LINE1-M01,2026-07-29T09:02:00,OP-103,MAT-8812,NORMAL,
8052,L08052,L,303.5,314.4,1459,34.7,175,0,0,0,0,0,0,LINE3-M01,2026-07-29T09:07:00,OP-104,MAT-8815,NORMAL,
8053,M08053,M,298.8,309.7,1456,44.3,178,0,0,0,0,0,0,LINE3-M01,2026-07-29T09:09:00,OP-101,MAT-8800,NORMAL,
8054,L08054,L,299.6,308.0,1303,36.2,180,1,0,1,0,0,0,LINE2-M02,2026-07-29T09:15:00,OP-106,MAT-8815,FAILURE,HDF
8055,M08055,M,299.5,308.7,1760,24.3,183,0,0,0,0,0,0,LINE3-M02,2026-07-29T09:19:00,OP-108,MAT-8809,NORMAL,
8056,M08056,M,300.2,309.9,1604,45.5,186,0,0,0,0,0,0,LINE3-M01,2026-07-29T09:25:00,OP-103,MAT-8806,NORMAL,
8057,M08057,M,300.5,309.0,1748,40.8,189,0,0,0,0,0,0,LINE1-M02,2026-07-29T09:29:00,OP-100,MAT-8810,NORMAL,
8058,M08058,M,296.2,305.6,1353,52.9,192,0,0,0,0,0,0,LINE1-M02,2026-07-29T09:31:00,OP-103,MAT-8815,NORMAL,
8059,L08059,L,303.0,314.8,1430,48.8,194,0,0,0,0,0,0,LINE3-M02,2026-07-29T09:35:00,OP-110,MAT-8807,NORMAL,
8060,L08060,L,300.5,310.2,1454,41.7,196,0,0,0,0,0,0,LINE1-M01,2026-07-29T09:38:00,OP-104,MAT-8804,NORMAL,
8061,M08061,M,301.6,312.4,1357,27.2,199,0,0,0,0,0,0,LINE1-M01,2026-07-29T09:41:00,OP-106,MAT-8819,NORMAL,
8062,L08062,L,299.5,310.4,1942,33.9,201,0,0,0,0,0,0,LINE2-M01,2026-07-29T09:47:00,OP-102,MAT-8805,NORMAL,
8063,M08063,M,297.8,306.9,1433,25.9,204,0,0,0,0,0,0,LINE2-M01,2026-07-29T09:52:00,OP-101,MAT-8800,NORMAL,
8064,L08064,L,301.6,311.8,1542,52.2,206,0,0,0,0,0,0,LINE1-M02,2026-07-29T09:56:00,OP-105,MAT-8813,NORMAL,
8065,L08065,L,299.9,308.2,1881,36.1,208,1,1,0,0,0,0,LINE2-M02,2026-07-29T10:01:00,OP-109,MAT-8816,FAILURE,TWF
8066,L08066,L,300.6,309.0,1168,37.8,210,1,1,1,0,0,0,LINE1-M02,2026-07-29T10:07:00,OP-104,MAT-8805,FAILURE,"TWF,HDF"
8067,L08067,L,300.7,310.5,1376,61.3,212,1,0,0,0,1,0,LINE1-M01,2026-07-29T10:10:00,OP-110,MAT-8801,FAILURE,OSF
8068,M08068,M,302.4,312.3,1245,50.7,215,0,0,0,0,0,0,LINE1-M01,2026-07-29T10:16:00,OP-109,MAT-8810,NORMAL,
8069,L08069,L,301.3,309.8,1168,55.2,217,1,1,1,0,1,0,LINE2-M01,2026-07-29T10:21:00,OP-100,MAT-8800,FAILURE,"TWF,HDF,OSF"
8070,L08070,L,298.5,308.3,1226,29.9,219,1,1,0,0,0,0,LINE3-M01,2026-07-29T10:26:00,OP-103,MAT-8803,FAILURE,TWF
8071,L08071,L,296.8,307.2,1683,32.4,221,1,1,0,0,0,0,LINE1-M02,2026-07-29T10:30:00,OP-109,MAT-8813,FAILURE,TWF
8072,M08072,M,298.6,307.0,1549,34.5,224,0,0,0,0,0,0,LINE3-M01,2026-07-29T10:33:00,OP-105,MAT-8804,NORMAL,
8073,H08073,H,298.1,308.6,1714,40.8,229,1,1,0,0,0,0,LINE2-M01,2026-07-29T10:38:00,OP-103,MAT-8818,FAILURE,TWF
8074,M08074,M,301.9,312.5,1285,32.7,232,1,1,0,0,0,0,LINE1-M02,2026-07-29T10:42:00,OP-103,MAT-8802,FAILURE,TWF
8075,M08075,M,299.5,309.3,1447,44.9,235,1,1,0,0,0,0,LINE2-M01,2026-07-29T10:48:00,OP-111,MAT-8806,FAILURE,TWF
8076,L08076,L,299.7,310.1,1871,36.4,237,1,1,0,0,0,0,LINE1-M02,2026-07-29T10:52:00,OP-106,MAT-8807,FAILURE,TWF
8077,H08077,H,302.2,311.2,1267,32.3,0,0,0,0,0,0,0,LINE2-M01,2026-07-29T10:54:00,OP-106,MAT-8808,NORMAL,
8078,M08078,M,299.5,309.9,1450,39.8,3,0,0,0,0,0,0,LINE2-M02,2026-07-29T10:58:00,OP-104,MAT-8817,NORMAL,
8079,L08079,L,305.0,316.4,1916,44.8,5,0,0,0,0,0,0,LINE3-M02,2026-07-29T11:00:00,OP-100,MAT-8807,NORMAL,
8080,L08080,L,301.8,313.8,1687,34.0,7,0,0,0,0,0,0,LINE3-M02,2026-07-29T11:06:00,OP-102,MAT-8807,NORMAL,
8081,H08081,H,300.6,311.2,1524,32.9,12,0,0,0,0,0,0,LINE2-M01,2026-07-29T11:08:00,OP-106,MAT-8817,NORMAL,
8082,L08082,L,300.5,310.1,1822,49.7,14,1,0,0,1,0,0,LINE1-M01,2026-07-29T11:13:00,OP-104,MAT-8809,FAILURE,PWF
8083,L08083,L,302.3,311.3,1168,62.7,16,0,0,0,0,0,0,LINE1-M01,2026-07-29T11:18:00,OP-105,MAT-8811,NORMAL,
8084,L08084,L,299.5,308.7,1676,51.0,18,0,0,0,0,0,0,LINE2-M02,2026-07-29T11:24:00,OP-109,MAT-8805,NORMAL,
8085,M08085,M,297.7,307.3,1504,44.2,21,0,0,0,0,0,0,LINE2-M01,2026-07-29T11:28:00,OP-107,MAT-8807,NORMAL,
8086,L08086,L,301.6,311.2,1550,45.8,23,0,0,0,0,0,0,LINE2-M02,2026-07-29T11:32:00,OP-111,MAT-8800,NORMAL,
8087,M08087,M,303.3,315.0,1407,43.6,26,0,0,0,0,0,0,LINE3-M01,2026-07-29T11:34:00,OP-106,MAT-8800,NORMAL,
8088,M08088,M,300.0,309.8,1633,27.1,29,0,0,0,0,0,0,LINE3-M02,2026-07-29T11:36:00,OP-101,MAT-8803,NORMAL,
8089,L08089,L,303.8,313.3,1574,42.3,31,0,0,0,0,0,0,LINE1-M01,2026-07-29T11:39:00,OP-105,MAT-8816,NORMAL,
8090,H08090,H,302.5,311.0,1709,22.5,36,0,0,0,0,0,0,LINE1-M01,2026-07-29T11:41:00,OP-104,MAT-8816,NORMAL,
8091,M08091,M,303.6,313.7,1677,43.9,39,0,0,0,0,0,0,LINE2-M01,2026-07-29T11:45:00,OP-111,MAT-8802,NORMAL,
8092,L08092,L,301.0,310.9,1356,35.2,41,0,0,0,0,0,0,LINE2-M01,2026-07-29T11:51:00,OP-106,MAT-8819,NORMAL,
8093,M08093,M,296.6,305.8,1777,43.0,44,0,0,0,0,0,0,LINE2-M01,2026-07-29T11:53:00,OP-111,MAT-8819,NORMAL,
8094,H08094,H,299.1,310.8,1168,61.2,49,0,0,0,0,0,0,LINE2-M01,2026-07-29T11:58:00,OP-103,MAT-8818,NORMAL,
8095,L08095,L,298.0,309.1,1168,38.6,51,0,0,0,0,0,0,LINE3-M02,2026-07-29T12:02:00,OP-110,MAT-8817,NORMAL,
8096,H08096,H,299.7,308.2,1168,28.5,56,1,0,1,1,0,0,LINE2-M02,2026-07-29T12:08:00,OP-109,MAT-8814,FAILURE,"HDF,PWF"
8097,L08097,L,302.6,312.7,1790,47.1,58,0,0,0,0,0,0,LINE3-M01,2026-07-29T12:12:00,OP-108,MAT-8814,NORMAL,
8098,M08098,M,301.3,310.7,1598,34.4,61,0,0,0,0,0,0,LINE2-M02,2026-07-29T12:18:00,OP-107,MAT-8804,NORMAL,
8099,M08099,M,301.6,311.1,1578,44.6,64,0,0,0,0,0,0,LINE3-M01,2026-07-29T12:23:00,OP-103,MAT-8813,NORMAL,
8100,L08100,L,303.3,313.9,1416,50.0,66,0,0,0,0,0,0,LINE2-M01,2026-07-29T12:28:00,OP-107,MAT-8812,NORMAL,
8101,M08101,M,296.5,306.2,1403,38.9,69,0,0,0,0,0,0,LINE1-M01,2026-07-29T12:34:00,OP-107,MAT-8809,NORMAL,
8102,H08102,H,295.6,306.8,1637,27.9,74,0,0,0,0,0,0,LINE2-M01,2026-07-29T12:40:00,OP-111,MAT-8808,NORMAL,
8103,M08103,M,303.1,313.6,1168,54.9,77,0,0,0,0,0,0,LINE3-M01,2026-07-29T12:44:00,OP-111,MAT-8804,NORMAL,
8104,L08104,L,300.0,310.2,1440,42.6,79,0,0,0,0,0,0,LINE2-M01,2026-07-29T12:46:00,OP-101,MAT-8811,NORMAL,
8105,L08105,L,296.2,305.4,1913,30.4,81,0,0,0,0,0,0,LINE3-M01,2026-07-29T12:50:00,OP-104,MAT-8807,NORMAL,
8106,L08106,L,299.2,310.4,1714,50.1,83,0,0,0,0,0,0,LINE3-M02,2026-07-29T12:52:00,OP-110,MAT-8819,NORMAL,
8107,L08107,L,298.6,309.1,1252,39.6,85,0,0,0,0,0,0,LINE2-M01,2026-07-29T12:55:00,OP-105,MAT-8818,NORMAL,
8108,H08108,H,301.2,310.3,1848,55.7,90,1,0,0,1,0,0,LINE3-M01,2026-07-29T12:58:00,OP-104,MAT-8818,FAILURE,PWF
8109,L08109,L,298.0,308.2,1565,41.0,92,0,0,0,0,0,0,LINE2-M01,2026-07-29T13:00:00,OP-107,MAT-8815,NORMAL,
8110,L08110,L,296.9,307.2,1235,49.5,94,0,0,0,0,0,0,LINE1-M02,2026-07-29T13:03:00,OP-109,MAT-8803,NORMAL,
8111,M08111,M,301.2,310.5,1442,40.8,97,0,0,0,0,0,0,LINE2-M01,2026-07-29T13:06:00,OP-102,MAT-8807,NORMAL,
8112,M08112,M,302.3,311.2,1804,44.8,100,0,0,0,0,0,0,LINE3-M01,2026-07-29T13:12:00,OP-111,MAT-8802,NORMAL,
8113,L08113,L,298.0,308.0,1648,32.1,102,0,0,0,0,0,0,LINE3-M02,2026-07-29T13:16:00,OP-100,MAT-8819,NORMAL,
8114,L08114,L,302.4,312.3,1502,53.3,104,0,0,0,0,0,0,LINE1-M01,2026-07-29T13:21:00,OP-109,MAT-8817,NORMAL,
8115,L08115,L,296.7,304.4,1318,34.6,106,1,0,1,0,0,0,LINE2-M01,2026-07-29T13:27:00,OP-101,MAT-8811,FAILURE,HDF
8116,L08116,L,296.1,307.5,1594,17.4,108,1,0,0,1,0,0,LINE3-M02,2026-07-29T13:32:00,OP-111,MAT-8805,FAILURE,PWF
8117,M08117,M,301.3,312.3,1463,49.7,111,0,0,0,0,0,0,LINE3-M02,2026-07-29T13:37:00,OP-104,MAT-8812,NORMAL,
8118,M08118,M,298.0,307.4,1377,43.3,114,0,0,0,0,0,0,LINE2-M02,2026-07-29T13:41:00,OP-100,MAT-8813,NORMAL,
8119,L08119,L,301.4,312.3,1418,44.3,116,0,0,0,0,0,0,LINE2-M01,2026-07-29T13:46:00,OP-108,MAT-8802,NORMAL,
8120,L08120,L,298.4,308.8,1465,52.7,118,0,0,0,0,0,0,LINE3-M01,2026-07-29T13:48:00,OP-111,MAT-8813,NORMAL,
8121,M08121,M,301.7,311.9,1981,42.3,121,0,0,0,0,0,0,LINE1-M01,2026-07-29T13:51:00,OP-101,MAT-8804,NORMAL,
8122,M08122,M,298.7,309.1,1168,44.8,124,0,0,0,0,0,0,LINE2-M02,2026-07-29T13:55:00,OP-108,MAT-8806,NORMAL,
8123,H08123,H,299.7,308.8,1289,33.3,129,0,0,0,0,0,0,LINE2-M01,2026-07-29T14:01:00,OP-100,MAT-8807,NORMAL,
8124,M08124,M,297.5,307.8,1168,39.5,132,0,0,0,0,0,0,LINE1-M02,2026-07-29T14:07:00,OP-101,MAT-8816,NORMAL,
8125,L08125,L,299.8,310.0,1168,45.9,134,0,0,0,0,0,0,LINE1-M02,2026-07-29T14:12:00,OP-104,MAT-8809,NORMAL,
8126,M08126,M,299.0,310.2,1723,42.1,137,0,0,0,0,0,0,LINE2-M02,2026-07-29T14:16:00,OP-106,MAT-8802,NORMAL,
8127,L08127,L,303.7,313.1,1568,38.3,139,0,0,0,0,0,0,LINE1-M01,2026-07-29T14:21:00,OP-105,MAT-8809,NORMAL,
8128,L08128,L,298.5,308.7,1361,28.8,141,0,0,0,0,0,0,LINE1-M02,2026-07-29T14:25:00,OP-101,MAT-8814,NORMAL,
8129,L08129,L,301.5,312.0,1445,50.5,143,0,0,0,0,0,0,LINE3-M01,2026-07-29T14:31:00,OP-105,MAT-8817,NORMAL,
8130,L08130,L,299.3,308.6,1820,41.9,145,0,0,0,0,0,0,LINE2-M01,2026-07-29T14:34:00,OP-107,MAT-8806,NORMAL,
8131,L08131,L,300.7,310.0,1814,46.8,147,0,0,0,0,0,0,LINE2-M02,2026-07-29T14:36:00,OP-109,MAT-8819,NORMAL,
8132,L08132,L,297.4,307.4,1496,40.6,149,0,0,0,0,0,0,LINE3-M01,2026-07-29T14:42:00,OP-100,MAT-8800,NORMAL,
8133,M08133,M,298.7,309.8,1692,44.9,152,0,0,0,0,0,0,LINE1-M02,2026-07-29T14:46:00,OP-106,MAT-8803,NORMAL,
8134,M08134,M,301.4,312.3,1582,40.6,155,0,0,0,0,0,0,LINE1-M02,2026-07-29T14:51:00,OP-109,MAT-8801,NORMAL,
8135,M08135,M,296.5,306.1,1958,31.9,158,0,0,0,0,0,0,LINE1-M01,2026-07-29T14:57:00,OP-100,MAT-8819,NORMAL,
8136,H08136,H,300.4,311.8,1764,17.1,163,1,0,0,1,0,0,LINE3-M01,2026-07-29T15:03:00,OP-101,MAT-8812,FAILURE,PWF
8137,M08137,M,301.9,312.7,1385,38.6,166,0,0,0,0,0,0,LINE1-M01,2026-07-29T15:09:00,OP-110,MAT-8812,NORMAL,
8138,L08138,L,301.4,310.7,1168,34.1,168,0,0,0,0,0,0,LINE3-M01,2026-07-29T15:14:00,OP-100,MAT-8819,NORMAL,
8139,M08139,M,301.0,311.0,1506,23.7,171,0,0,0,0,0,0,LINE1-M01,2026-07-29T15:17:00,OP-108,MAT-8805,NORMAL,
8140,M08140,M,299.3,308.9,1458,44.1,174,0,0,0,0,0,0,LINE1-M02,2026-07-29T15:22:00,OP-111,MAT-8801,NORMAL,
8141,L08141,L,299.4,307.8,1624,43.3,176,0,0,0,0,0,0,LINE3-M02,2026-07-29T15:24:00,OP-102,MAT-8801,NORMAL,
8142,L08142,L,298.1,306.8,1335,58.7,178,0,0,0,0,0,0,LINE2-M02,2026-07-29T15:29:00,OP-107,MAT-8814,NORMAL,
8143,L08143,L,304.0,314.3,1643,53.9,180,1,0,0,1,0,0,LINE3-M02,2026-07-29T15:31:00,OP-108,MAT-8806,FAILURE,PWF
8144,H08144,H,300.2,310.6,1860,37.3,185,0,0,0,0,0,0,LINE2-M02,2026-07-29T15:37:00,OP-108,MAT-8818,NORMAL,
8145,M08145,M,303.4,312.5,1613,32.0,188,0,0,0,0,0,0,LINE1-M02,2026-07-29T15:43:00,OP-107,MAT-8800,NORMAL,
8146,L08146,L,298.1,308.9,1265,48.3,190,0,0,0,0,0,0,LINE2-M01,2026-07-29T15:48:00,OP-100,MAT-8806,NORMAL,
8147,M08147,M,303.0,313.0,1746,39.7,193,0,0,0,0,0,0,LINE2-M01,2026-07-29T15:50:00,OP-108,MAT-8817,NORMAL,
8148,M08148,M,296.8,304.6,1362,37.9,196,1,0,1,0,0,0,LINE1-M02,2026-07-29T15:52:00,OP-111,MAT-8817,FAILURE,HDF
8149,L08149,L,299.6,308.7,1170,39.2,198,0,0,0,0,0,0,LINE2-M02,2026-07-29T15:56:00,OP-101,MAT-8808,NORMAL,
8150,L08150,L,302.2,311.3,1449,57.9,200,1,0,0,0,1,0,LINE2-M02,2026-07-29T15:59:00,OP-100,MAT-8803,FAILURE,OSF
8151,H08151,H,302.7,311.4,1442,30.6,205,0,0,0,0,0,0,LINE2-M01,2026-07-29T16:05:00,OP-110,MAT-8811,NORMAL,
8152,L08152,L,299.4,309.5,1500,43.7,207,0,0,0,0,0,0,LINE1-M02,2026-07-29T16:11:00,OP-100,MAT-8808,NORMAL,
8153,L08153,L,301.2,311.2,1564,60.6,209,1,0,0,1,1,0,LINE1-M01,2026-07-29T16:13:00,OP-109,MAT-8810,FAILURE,"PWF,OSF"
8154,L08154,L,301.8,311.5,1489,39.0,211,0,0,0,0,0,0,LINE2-M02,2026-07-29T16:17:00,OP-107,MAT-8809,NORMAL,
8155,H08155,H,303.1,310.6,1470,44.6,216,0,0,0,0,0,0,LINE1-M01,2026-07-29T16:19:00,OP-108,MAT-8812,NORMAL,
8156,M08156,M,297.7,309.2,1253,27.7,219,1,1,0,0,0,0,LINE1-M01,2026-07-29T16:25:00,OP-100,MAT-8813,FAILURE,TWF
8157,L08157,L,295.0,305.1,1696,43.4,221,1,1,0,0,0,0,LINE1-M02,2026-07-29T16:30:00,OP-109,MAT-8801,FAILURE,TWF
8158,M08158,M,301.3,311.2,1299,29.9,224,1,1,0,0,0,0,LINE2-M01,2026-07-29T16:34:00,OP-104,MAT-8816,FAILURE,TWF
8159,L08159,L,299.5,309.1,1629,44.4,226,1,1,0,0,0,0,LINE3-M02,2026-07-29T16:38:00,OP-105,MAT-8814,FAILURE,TWF
8160,L08160,L,300.6,310.2,1556,62.1,228,1,1,0,1,1,0,LINE2-M02,2026-07-29T16:44:00,OP-100,MAT-8804,FAILURE,"TWF,PWF,OSF"
8161,L08161,L,302.7,312.5,1168,34.5,230,0,0,0,0,0,0,LINE2-M01,2026-07-29T16:47:00,OP-109,MAT-8811,NORMAL,
8162,M08162,M,301.8,311.7,1487,32.6,233,1,1,0,0,0,0,LINE1-M01,2026-07-29T16:52:00,OP-107,MAT-8801,FAILURE,TWF
8163,L08163,L,302.3,312.1,1528,38.9,235,1,1,0,0,0,0,LINE2-M01,2026-07-29T16:55:00,OP-100,MAT-8803,FAILURE,TWF
8164,H08164,H,299.2,309.5,1845,38.9,240,1,1,0,0,0,0,LINE1-M01,2026-07-29T17:01:00,OP-108,MAT-8809,FAILURE,TWF
8165,L08165,L,301.1,309.2,1298,42.7,0,1,0,1,0,0,0,LINE2-M01,2026-07-29T17:05:00,OP-109,MAT-8800,FAILURE,HDF
8166,L08166,L,295.9,303.4,1667,36.0,2,0,0,0,0,0,0,LINE2-M02,2026-07-29T17:08:00,OP-103,MAT-8803,NORMAL,
8167,L08167,L,298.3,308.1,1580,48.5,4,0,0,0,0,0,0,LINE2-M01,2026-07-29T17:11:00,OP-110,MAT-8811,NORMAL,
8168,L08168,L,298.8,309.4,1995,40.3,6,0,0,0,0,0,0,LINE3-M02,2026-07-29T17:14:00,OP-100,MAT-8803,NORMAL,
8169,H08169,H,301.9,312.5,1607,27.1,11,0,0,0,0,0,0,LINE3-M02,2026-07-29T17:19:00,OP-110,MAT-8801,NORMAL,
8170,L08170,L,299.0,308.0,1527,45.0,13,0,0,0,0,0,0,LINE2-M01,2026-07-29T17:22:00,OP-109,MAT-8817,NORMAL,
8171,L08171,L,297.7,309.1,1779,31.4,15,0,0,0,0,0,0,LINE3-M01,2026-07-29T17:25:00,OP-111,MAT-8809,NORMAL,
8172,L08172,L,299.6,311.1,1317,30.8,17,0,0,0,0,0,0,LINE1-M01,2026-07-29T17:28:00,OP-100,MAT-8812,NORMAL,
8173,L08173,L,301.6,311.6,1683,63.7,19,1,0,0,1,0,0,LINE3-M01,2026-07-29T17:30:00,OP-107,MAT-8815,FAILURE,PWF
8174,H08174,H,301.8,312.0,1571,63.4,24,1,0,0,1,0,0,LINE1-M02,2026-07-29T17:32:00,OP-102,MAT-8804,FAILURE,PWF
8175,M08175,M,298.0,307.8,1642,25.7,27,0,0,0,0,0,0,LINE1-M02,2026-07-29T17:38:00,OP-110,MAT-8809,NORMAL,
8176,M08176,M,297.3,306.8,1449,53.2,30,0,0,0,0,0,0,LINE1-M01,2026-07-29T17:41:00,OP-106,MAT-8800,NORMAL,
8177,M08177,M,301.2,311.0,1331,39.9,33,0,0,0,0,0,0,LINE2-M02,2026-07-29T17:43:00,OP-100,MAT-8811,NORMAL,
8178,H08178,H,298.3,309.6,1514,35.8,38,0,0,0,0,0,0,LINE3-M01,2026-07-29T17:46:00,OP-101,MAT-8803,NORMAL,
8179,H08179,H,298.1,307.2,1436,47.9,43,0,0,0,0,0,0,LINE1-M01,2026-07-29T17:49:00,OP-108,MAT-8819,NORMAL,
8180,H08180,H,300.5,311.0,1343,37.9,48,0,0,0,0,0,0,LINE3-M02,2026-07-29T17:52:00,OP-110,MAT-8808,NORMAL,
8181,L08181,L,302.1,313.2,1168,37.2,50,0,0,0,0,0,0,LINE1-M02,2026-07-29T17:54:00,OP-100,MAT-8807,NORMAL,
8182,L08182,L,298.1,309.1,1479,36.7,52,0,0,0,0,0,0,LINE3-M02,2026-07-29T17:59:00,OP-103,MAT-8803,NORMAL,
8183,M08183,M,301.5,312.4,1476,49.3,55,0,0,0,0,0,0,LINE3-M02,2026-07-29T18:04:00,OP-103,MAT-8818,NORMAL,
8184,H08184,H,295.9,305.0,1334,51.5,60,0,0,0,0,0,0,LINE1-M02,2026-07-29T18:10:00,OP-105,MAT-8808,NORMAL,
8185,H08185,H,296.5,307.7,1816,35.9,65,0,0,0,0,0,0,LINE1-M02,2026-07-29T18:13:00,OP-102,MAT-8815,NORMAL,
8186,M08186,M,298.7,307.9,1310,48.1,68,0,0,0,0,0,0,LINE2-M01,2026-07-29T18:15:00,OP-105,MAT-8801,NORMAL,
8187,H08187,H,299.3,309.6,1462,26.3,73,0,0,0,0,0,0,LINE1-M01,2026-07-29T18:18:00,OP-100,MAT-8813,NORMAL,
8188,M08188,M,298.6,310.0,1687,39.1,76,0,0,0,0,0,0,LINE2-M02,2026-07-29T18:24:00,OP-102,MAT-8817,NORMAL,
8189,L08189,L,298.7,309.9,1302,35.8,78,0,0,0,0,0,0,LINE2-M01,2026-07-29T18:29:00,OP-103,MAT-8804,NORMAL,
8190,M08190,M,298.5,309.0,1168,22.2,81,1,0,0,1,0,0,LINE1-M01,2026-07-29T18:32:00,OP-108,MAT-8813,FAILURE,PWF
8191,H08191,H,298.9,309.2,1329,43.0,86,0,0,0,0,0,0,LINE1-M01,2026-07-29T18:34:00,OP-109,MAT-8818,NORMAL,
8192,L08192,L,303.6,314.5,1296,35.6,88,0,0,0,0,0,0,LINE2-M02,2026-07-29T18:39:00,OP-107,MAT-8800,NORMAL,
8193,L08193,L,299.1,309.9,1934,8.6,90,1,0,0,1,0,0,LINE2-M02,2026-07-29T18:41:00,OP-105,MAT-8804,FAILURE,PWF
8194,M08194,M,298.3,308.8,1570,41.1,93,0,0,0,0,0,0,LINE2-M02,2026-07-29T18:45:00,OP-109,MAT-8809,NORMAL,
8195,H08195,H,299.4,309.7,1392,38.6,98,0,0,0,0,0,0,LINE3-M01,2026-07-29T18:49:00,OP-106,MAT-8810,NORMAL,
8196,M08196,M,302.8,312.7,1189,48.1,101,0,0,0,0,0,0,LINE3-M01,2026-07-29T18:52:00,OP-104,MAT-8801,NORMAL,
8197,H08197,H,298.1,308.4,1168,41.6,106,0,0,0,0,0,0,LINE3-M01,2026-07-29T18:54:00,OP-108,MAT-8814,NORMAL,
8198,H08198,H,302.8,312.6,1168,30.8,111,0,0,0,0,0,0,LINE3-M01,2026-07-29T19:00:00,OP-100,MAT-8813,NORMAL,
8199,M08199,M,305.0,313.9,1488,25.3,114,0,0,0,0,0,0,LINE1-M02,2026-07-29T19:03:00,OP-105,MAT-8813,NORMAL,
8200,M08200,M,298.7,308.2,1726,42.1,117,0,0,0,0,0,0,LINE1-M02,2026-07-29T19:08:00,OP-109,MAT-8805,NORMAL,
8201,M08201,M,301.0,311.4,1419,31.6,120,0,0,0,0,0,0,LINE1-M02,2026-07-29T19:12:00,OP-106,MAT-8810,NORMAL,
8202,H08202,H,303.8,315.1,1758,40.8,125,0,0,0,0,0,0,LINE2-M02,2026-07-29T19:14:00,OP-109,MAT-8807,NORMAL,
8203,L08203,L,298.8,309.7,1481,31.6,127,0,0,0,0,0,0,LINE2-M01,2026-07-29T19:16:00,OP-105,MAT-8816,NORMAL,
8204,H08204,H,298.7,308.9,1204,43.7,132,0,0,0,0,0,0,LINE1-M01,2026-07-29T19:19:00,OP-107,MAT-8806,NORMAL,
8205,L08205,L,300.6,311.9,1327,48.3,134,0,0,0,0,0,0,LINE1-M01,2026-07-29T19:22:00,OP-102,MAT-8819,NORMAL,
8206,M08206,M,299.3,309.9,1168,31.5,137,0,0,0,0,0,0,LINE1-M02,2026-07-29T19:26:00,OP-109,MAT-8806,NORMAL,
8207,H08207,H,298.2,307.6,1433,28.7,142,0,0,0,0,0,0,LINE1-M02,2026-07-29T19:31:00,OP-106,MAT-8813,NORMAL,
8208,H08208,H,298.2,308.0,1207,24.3,147,1,0,0,1,0,0,LINE3-M01,2026-07-29T19:35:00,OP-110,MAT-8806,FAILURE,PWF
8209,L08209,L,301.4,311.6,1806,28.7,149,0,0,0,0,0,0,LINE3-M02,2026-07-29T19:39:00,OP-102,MAT-8801,NORMAL,
8210,M08210,M,295.8,305.6,1230,32.5,152,0,0,0,0,0,0,LINE2-M02,2026-07-29T19:44:00,OP-110,MAT-8805,NORMAL,
8211,M08211,M,298.5,308.8,1452,52.1,155,0,0,0,0,0,0,LINE1-M01,2026-07-29T19:49:00,OP-101,MAT-8812,NORMAL,
8212,L08212,L,301.5,311.3,1168,23.5,157,1,0,0,1,0,0,LINE3-M02,2026-07-29T19:52:00,OP-109,MAT-8808,FAILURE,PWF
8213,M08213,M,301.3,311.3,1494,41.2,160,0,0,0,0,0,0,LINE2-M01,2026-07-29T19:56:00,OP-105,MAT-8812,NORMAL,
8214,H08214,H,302.2,312.8,1275,34.9,165,0,0,0,0,0,0,LINE3-M01,2026-07-29T20:02:00,OP-111,MAT-8817,NORMAL,
8215,L08215,L,300.2,310.1,1891,35.2,167,0,0,0,0,0,0,LINE3-M01,2026-07-29T20:04:00,OP-107,MAT-8815,NORMAL,
8216,L08216,L,295.8,306.1,1583,36.5,169,0,0,0,0,0,0,LINE2-M01,2026-07-29T20:09:00,OP-107,MAT-8818,NORMAL,
8217,L08217,L,299.6,311.2,1877,14.9,171,1,0,0,1,0,0,LINE2-M02,2026-07-29T20:15:00,OP-106,MAT-8803,FAILURE,PWF
8218,H08218,H,300.5,311.9,1489,44.6,176,0,0,0,0,0,0,LINE2-M02,2026-07-29T20:17:00,OP-105,MAT-8814,NORMAL,
8219,L08219,L,298.5,307.8,1388,39.4,178,0,0,0,0,0,0,LINE2-M01,2026-07-29T20:22:00,OP-104,MAT-8817,NORMAL,
8220,M08220,M,304.7,313.6,1426,46.7,181,0,0,0,0,0,0,LINE3-M01,2026-07-29T20:24:00,OP-101,MAT-8805,NORMAL,
8221,M08221,M,302.7,312.4,1645,50.0,184,0,0,0,0,0,0,LINE2-M02,2026-07-29T20:28:00,OP-103,MAT-8810,NORMAL,
8222,M08222,M,297.1,307.3,1869,30.4,187,0,0,0,0,0,0,LINE3-M01,2026-07-29T20:32:00,OP-103,MAT-8803,NORMAL,
8223,M08223,M,300.4,309.5,1278,50.1,190,0,0,0,0,0,0,LINE2-M01,2026-07-29T20:37:00,OP-111,MAT-8808,NORMAL,
8224,M08224,M,299.2,309.1,1568,34.8,193,0,0,0,0,0,0,LINE3-M01,2026-07-29T20:39:00,OP-109,MAT-8801,NORMAL,
8225,L08225,L,299.7,309.3,1637,32.6,195,0,0,0,0,0,0,LINE3-M02,2026-07-29T20:42:00,OP-107,MAT-8805,NORMAL,
8226,L08226,L,297.7,307.3,1280,30.8,197,0,0,0,0,0,0,LINE1-M01,2026-07-29T20:47:00,OP-109,MAT-8811,NORMAL,
8227,L08227,L,298.7,309.1,1688,43.9,199,0,0,0,0,0,0,LINE3-M01,2026-07-29T20:49:00,OP-102,MAT-8804,NORMAL,
8228,M08228,M,303.3,314.5,1622,34.2,202,0,0,0,0,0,0,LINE2-M01,2026-07-29T20:55:00,OP-105,MAT-8802,NORMAL,
8229,M08229,M,303.3,313.6,1428,19.6,205,1,0,0,1,0,0,LINE1-M01,2026-07-29T20:59:00,OP-103,MAT-8803,FAILURE,PWF
8230,L08230,L,303.8,312.8,1936,14.8,207,1,0,0,1,0,0,LINE2-M02,2026-07-29T21:05:00,OP-107,MAT-8800,FAILURE,PWF
8231,L08231,L,299.9,309.8,1708,33.4,209,1,1,0,0,0,0,LINE2-M02,2026-07-29T21:11:00,OP-103,MAT-8812,FAILURE,TWF
8232,L08232,L,300.2,309.5,1530,39.1,211,0,0,0,0,0,0,LINE1-M01,2026-07-29T21:16:00,OP-107,MAT-8817,NORMAL,
8233,L08233,L,300.7,311.1,1504,33.2,213,1,1,0,0,0,0,LINE2-M02,2026-07-29T21:22:00,OP-108,MAT-8810,FAILURE,TWF
8234,H08234,H,299.2,307.6,1265,41.5,218,1,1,1,0,0,0,LINE3-M01,2026-07-29T21:27:00,OP-107,MAT-8809,FAILURE,"TWF,HDF"
8235,L08235,L,299.3,310.7,1438,35.9,220,1,1,0,0,0,0,LINE1-M01,2026-07-29T21:29:00,OP-108,MAT-8802,FAILURE,TWF
8236,L08236,L,300.6,310.3,1168,35.9,222,1,1,0,0,0,0,LINE3-M02,2026-07-29T21:35:00,OP-103,MAT-8815,FAILURE,TWF
8237,L08237,L,296.8,308.1,1268,51.1,224,1,1,0,0,1,0,LINE2-M01,2026-07-29T21:37:00,OP-109,MAT-8815,FAILURE,"TWF,OSF"
8238,L08238,L,302.7,312.5,1168,50.0,226,1,0,0,0,1,0,LINE3-M01,2026-07-29T21:41:00,OP-100,MAT-8814,FAILURE,OSF
8239,M08239,M,298.8,309.8,1364,35.2,229,0,0,0,0,0,0,LINE2-M01,2026-07-29T21:46:00,OP-106,MAT-8808,NORMAL,
8240,L08240,L,296.1,306.2,1581,37.8,231,1,1,0,0,0,0,LINE3-M02,2026-07-29T21:52:00,OP-110,MAT-8809,FAILURE,TWF
8241,L08241,L,300.7,309.4,1523,44.8,233,1,1,0,0,0,0,LINE1-M02,2026-07-29T21:56:00,OP-108,MAT-8809,FAILURE,TWF
8242,M08242,M,297.7,306.9,1389,40.0,236,1,1,0,0,0,0,LINE1-M01,2026-07-29T22:01:00,OP-105,MAT-8811,FAILURE,TWF
8243,M08243,M,300.6,309.9,1426,28.4,239,1,1,0,0,0,0,LINE1-M01,2026-07-29T22:03:00,OP-106,MAT-8817,FAILURE,TWF
8244,M08244,M,299.3,310.4,1795,40.5,0,0,0,0,0,0,0,LINE3-M02,2026-07-29T22:07:00,OP-106,MAT-8818,NORMAL,
8245,H08245,H,302.5,312.7,1585,34.6,5,0,0,0,0,0,0,LINE3-M01,2026-07-29T22:12:00,OP-106,MAT-8807,NORMAL,
8246,M08246,M,302.1,311.9,1241,29.8,8,0,0,0,0,0,0,LINE1-M02,2026-07-29T22:18:00,OP-100,MAT-8800,NORMAL,
8247,M08247,M,303.2,312.8,1821,28.3,11,0,0,0,0,0,0,LINE2-M01,2026-07-29T22:21:00,OP-105,MAT-8817,NORMAL,
8248,M08248,M,300.1,309.3,1665,47.6,14,0,0,0,0,0,0,LINE1-M02,2026-07-29T22:25:00,OP-111,MAT-8816,NORMAL,
8249,L08249,L,302.3,311.5,1730,32.7,16,0,0,0,0,0,0,LINE2-M01,2026-07-29T22:29:00,OP-102,MAT-8802,NORMAL,
8250,L08250,L,301.4,309.6,1503,33.8,18,0,0,0,0,0,0,LINE1-M01,2026-07-29T22:32:00,OP-100,MAT-8800,NORMAL,
8251,L08251,L,301.2,310.7,1193,23.6,20,1,0,0,1,0,0,LINE2-M02,2026-07-29T22:35:00,OP-102,MAT-8819,FAILURE,PWF
8252,L08252,L,297.1,305.5,1624,42.4,22,0,0,0,0,0,0,LINE1-M01,2026-07-29T22:39:00,OP-105,MAT-8816,NORMAL,
8253,H08253,H,302.8,312.2,1590,30.3,27,0,0,0,0,0,0,LINE1-M02,2026-07-29T22:45:00,OP-106,MAT-8801,NORMAL,
8254,H08254,H,296.3,305.7,1410,33.7,32,0,0,0,0,0,0,LINE3-M01,2026-07-29T22:51:00,OP-105,MAT-8810,NORMAL,
8255,L08255,L,298.3,308.6,1458,33.4,34,0,0,0,0,0,0,LINE3-M02,2026-07-29T22:53:00,OP-107,MAT-8810,NORMAL,
8256,M08256,M,299.4,308.6,1168,56.5,37,0,0,0,0,0,0,LINE2-M02,2026-07-29T22:56:00,OP-106,MAT-8811,NORMAL,
8257,L08257,L,301.4,310.9,1595,53.6,39,0,0,0,0,0,0,LINE2-M01,2026-07-29T23:00:00,OP-107,MAT-8813,NORMAL,
8258,L08258,L,300.0,308.8,1587,47.0,41,0,0,0,0,0,0,LINE3-M02,2026-07-29T23:04:00,OP-100,MAT-8816,NORMAL,
8259,H08259,H,297.3,306.6,1501,22.7,46,0,0,0,0,0,0,LINE2-M01,2026-07-29T23:10:00,OP-108,MAT-8800,NORMAL,
8260,M08260,M,301.9,313.7,1583,33.9,49,0,0,0,0,0,0,LINE2-M01,2026-07-29T23:12:00,OP-100,MAT-8809,NORMAL,
8261,M08261,M,299.3,307.5,1380,54.7,52,0,0,0,0,0,0,LINE1-M02,2026-07-29T23:18:00,OP-103,MAT-8813,NORMAL,
8262,H08262,H,301.3,311.7,1457,35.3,57,0,0,0,0,0,0,LINE1-M02,2026-07-29T23:22:00,OP-105,MAT-8805,NORMAL,
8263,L08263,L,296.9,308.0,1448,42.9,59,0,0,0,0,0,0,LINE1-M01,2026-07-29T23:24:00,OP-108,MAT-8805,NORMAL,
8264,M08264,M,298.3,309.2,1663,26.9,62,0,0,0,0,0,0,LINE1-M01,2026-07-29T23:28:00,OP-111,MAT-8802,NORMAL,
8265,L08265,L,298.8,308.2,1252,40.4,64,0,0,0,0,0,0,LINE2-M01,2026-07-29T23:32:00,OP-103,MAT-8807,NORMAL,
8266,H08266,H,302.9,314.9,2031,35.1,69,0,0,0,0,0,0,LINE3-M02,2026-07-29T23:38:00,OP-102,MAT-8814,NORMAL,
8267,M08267,M,299.8,308.9,1303,37.7,72,0,0,0,0,0,0,LINE1-M02,2026-07-29T23:43:00,OP-109,MAT-8801,NORMAL,
8268,L08268,L,296.1,306.3,1350,42.6,74,0,0,0,0,0,0,LINE3-M01,2026-07-29T23:45:00,OP-106,MAT-8807,NORMAL,
8269,L08269,L,297.5,307.4,1483,40.3,76,0,0,0,0,0,0,LINE3-M02,2026-07-29T23:50:00,OP-101,MAT-8808,NORMAL,
8270,M08270,M,301.0,311.1,1326,38.3,79,0,0,0,0,0,0,LINE1-M02,2026-07-29T23:55:00,OP-111,MAT-8818,NORMAL,
8271,L08271,L,299.5,307.9,1799,23.1,81,0,0,0,0,0,0,LINE1-M01,2026-07-30T00:01:00,OP-106,MAT-8815,NORMAL,
8272,M08272,M,299.3,308.7,1713,58.1,84,1,0,0,1,0,0,LINE1-M02,2026-07-30T00:05:00,OP-107,MAT-8813,FAILURE,PWF
8273,L08273,L,302.9,311.6,1196,46.0,86,0,0,0,0,0,0,LINE2-M01,2026-07-30T00:09:00,OP-100,MAT-8815,NORMAL,
8274,M08274,M,297.6,308.0,1624,49.9,89,0,0,0,0,0,0,LINE2-M02,2026-07-30T00:14:00,OP-106,MAT-8808,NORMAL,
8275,H08275,H,301.1,309.2,1543,30.8,94,0,0,0,0,0,0,LINE3-M01,2026-07-30T00:18:00,OP-103,MAT-8808,NORMAL,
8276,M08276,M,300.3,312.6,1652,41.1,97,0,0,0,0,0,0,LINE3-M01,2026-07-30T00:23:00,OP-100,MAT-8804,NORMAL,
8277,L08277,L,299.5,310.0,1460,54.3,99,0,0,0,0,0,0,LINE2-M02,2026-07-30T00:27:00,OP-103,MAT-8802,NORMAL,
8278,H08278,H,299.5,308.9,1293,51.8,104,0,0,0,0,0,0,LINE3-M02,2026-07-30T00:31:00,OP-102,MAT-8815,NORMAL,
8279,H08279,H,301.8,313.4,1350,42.4,109,0,0,0,0,0,0,LINE1-M01,2026-07-30T00:33:00,OP-104,MAT-8807,NORMAL,
8280,L08280,L,299.8,307.5,1333,51.8,111,1,0,1,0,0,0,LINE2-M02,2026-07-30T00:36:00,OP-108,MAT-8811,FAILURE,HDF
8281,M08281,M,297.6,307.2,1398,32.6,114,0,0,0,0,0,0,LINE2-M02,2026-07-30T00:42:00,OP-108,MAT-8819,NORMAL,
8282,L08282,L,300.6,311.9,1246,46.8,116,0,0,0,0,0,0,LINE2-M01,2026-07-30T00:44:00,OP-109,MAT-8816,NORMAL,
8283,M08283,M,301.3,313.0,1823,41.1,119,0,0,0,0,0,0,LINE2-M01,2026-07-30T00:47:00,OP-102,MAT-8810,NORMAL,
8284,M08284,M,300.2,309.8,1661,69.7,122,1,0,0,1,0,0,LINE1-M02,2026-07-30T00:50:00,OP-106,MAT-8801,FAILURE,PWF
8285,L08285,L,300.2,310.9,1741,30.8,124,0,0,0,0,0,0,LINE2-M02,2026-07-30T00:54:00,OP-102,MAT-8801,NORMAL,
8286,H08286,H,299.2,310.8,1214,38.6,129,0,0,0,0,0,0,LINE3-M02,2026-07-30T01:00:00,OP-100,MAT-8801,NORMAL,
8287,H08287,H,299.4,308.6,1168,37.4,134,0,0,0,0,0,0,LINE2-M01,2026-07-30T01:03:00,OP-106,MAT-8803,NORMAL,
8288,H08288,H,299.6,310.1,1538,24.6,139,0,0,0,0,0,0,LINE1-M02,2026-07-30T01:06:00,OP-105,MAT-8802,NORMAL,
8289,M08289,M,301.1,310.1,1376,44.1,142,0,0,0,0,0,0,LINE3-M02,2026-07-30T01:11:00,OP-111,MAT-8817,NORMAL,
8290,M08290,M,300.0,310.4,1941,39.7,145,0,0,0,0,0,0,LINE1-M01,2026-07-30T01:15:00,OP-107,MAT-8807,NORMAL,
8291,L08291,L,299.4,310.4,1168,48.8,147,0,0,0,0,0,0,LINE3-M02,2026-07-30T01:19:00,OP-103,MAT-8802,NORMAL,
8292,M08292,M,304.5,313.9,1602,31.3,150,0,0,0,0,0,0,LINE3-M02,2026-07-30T01:21:00,OP-100,MAT-8809,NORMAL,
8293,H08293,H,301.7,311.2,1589,45.0,155,0,0,0,0,0,0,LINE3-M02,2026-07-30T01:23:00,OP-108,MAT-8814,NORMAL,
8294,L08294,L,299.6,310.3,1397,44.0,157,0,0,0,0,0,0,LINE2-M01,2026-07-30T01:26:00,OP-105,MAT-8802,NORMAL,
8295,M08295,M,298.0,307.0,1403,32.9,160,0,0,0,0,0,0,LINE2-M01,2026-07-30T01:32:00,OP-102,MAT-8814,NORMAL,
8296,H08296,H,297.8,307.0,1566,36.5,165,0,0,0,0,0,0,LINE2-M02,2026-07-30T01:34:00,OP-101,MAT-8813,NORMAL,
8297,H08297,H,300.5,309.1,1379,32.5,170,0,0,0,0,0,0,LINE1-M02,2026-07-30T01:40:00,OP-105,MAT-8809,NORMAL,
8298,L08298,L,300.5,311.6,1268,31.0,172,0,0,0,0,0,0,LINE1-M02,2026-07-30T01:43:00,OP-102,MAT-8803,NORMAL,
8299,L08299,L,300.1,310.0,1732,32.7,174,0,0,0,0,0,0,LINE2-M02,2026-07-30T01:46:00,OP-104,MAT-8812,NORMAL,
8300,L08300,L,300.3,313.1,1217,48.3,176,0,0,0,0,0,0,LINE1-M02,2026-07-30T01:51:00,OP-105,MAT-8802,NORMAL,
8301,H08301,H,302.8,312.5,1709,44.7,181,0,0,0,0,0,0,LINE2-M02,2026-07-30T01:57:00,OP-108,MAT-8800,NORMAL,
8302,L08302,L,300.0,309.3,1403,42.4,183,0,0,0,0,0,0,LINE3-M02,2026-07-30T02:02:00,OP-107,MAT-8819,NORMAL,
8303,M08303,M,300.8,309.9,1358,45.5,186,0,0,0,0,0,0,LINE3-M02,2026-07-30T02:05:00,OP-111,MAT-8819,NORMAL,
8304,M08304,M,298.0,309.7,1803,41.1,189,0,0,0,0,0,0,LINE1-M01,2026-07-30T02:08:00,OP-105,MAT-8805,NORMAL,
8305,L08305,L,299.2,308.8,1222,38.5,191,0,0,0,0,0,0,LINE2-M02,2026-07-30T02:10:00,OP-108,MAT-8802,NORMAL,
8306,H08306,H,297.5,307.4,1734,36.4,196,0,0,0,0,0,0,LINE3-M01,2026-07-30T02:16:00,OP-103,MAT-8802,NORMAL,
8307,M08307,M,300.2,309.5,1168,56.1,199,0,0,0,0,0,0,LINE3-M01,2026-07-30T02:20:00,OP-103,MAT-8810,NORMAL,
8308,M08308,M,299.2,309.9,1168,35.0,202,0,0,0,0,0,0,LINE1-M02,2026-07-30T02:22:00,OP-101,MAT-8814,NORMAL,
8309,L08309,L,304.8,315.7,1994,48.4,204,1,1,0,1,0,0,LINE1-M01,2026-07-30T02:24:00,OP-110,MAT-8800,FAILURE,"TWF,PWF"
8310,L08310,L,296.6,309.7,1263,58.6,206,1,1,0,0,1,0,LINE1-M01,2026-07-30T02:27:00,OP-108,MAT-8817,FAILURE,"TWF,OSF"
8311,L08311,L,302.2,313.0,1567,37.8,208,0,0,0,0,0,0,LINE3-M01,2026-07-30T02:31:00,OP-101,MAT-8819,NORMAL,
8312,M08312,M,304.3,312.9,1506,30.4,211,1,1,0,0,0,0,LINE2-M01,2026-07-30T02:35:00,OP-108,MAT-8810,FAILURE,TWF
8313,L08313,L,303.4,314.0,1677,34.1,213,0,0,0,0,0,0,LINE3-M02,2026-07-30T02:37:00,OP-107,MAT-8810,NORMAL,
8314,H08314,H,298.8,308.3,1882,37.2,218,1,1,0,0,0,0,LINE1-M01,2026-07-30T02:41:00,OP-105,MAT-8807,FAILURE,TWF
8315,H08315,H,298.8,307.6,1321,52.1,223,0,0,0,0,0,0,LINE1-M01,2026-07-30T02:44:00,OP-105,MAT-8819,NORMAL,
8316,M08316,M,298.3,307.8,1817,35.0,226,0,0,0,0,0,0,LINE2-M01,2026-07-30T02:47:00,OP-111,MAT-8808,NORMAL,
8317,L08317,L,297.9,308.1,1168,43.1,228,1,1,0,0,0,0,LINE1-M02,2026-07-30T02:53:00,OP-105,MAT-8805,FAILURE,TWF
8318,M08318,M,299.6,309.8,1441,33.6,231,1,1,0,0,0,0,LINE2-M01,2026-07-30T02:59:00,OP-110,MAT-8808,FAILURE,TWF
8319,M08319,M,303.4,312.6,1714,46.7,234,0,0,0,0,0,0,LINE1-M02,2026-07-30T03:03:00,OP-111,MAT-8808,NORMAL,
8320,H08320,H,302.8,312.8,1221,30.4,239,1,1,0,0,0,0,LINE2-M01,2026-07-30T03:08:00,OP-107,MAT-8804,FAILURE,TWF
8321,H08321,H,304.1,313.0,1645,47.5,0,0,0,0,0,0,0,LINE3-M02,2026-07-30T03:11:00,OP-105,MAT-8810,NORMAL,
8322,L08322,L,300.1,310.4,1615,38.0,2,0,0,0,0,0,0,LINE1-M01,2026-07-30T03:13:00,OP-111,MAT-8811,NORMAL,
8323,M08323,M,297.2,306.6,1188,34.0,5,0,0,0,0,0,0,LINE1-M01,2026-07-30T03:15:00,OP-109,MAT-8805,NORMAL,
8324,L08324,L,297.9,308.1,1168,58.3,7,0,0,0,0,0,0,LINE2-M02,2026-07-30T03:18:00,OP-104,MAT-8811,NORMAL,
8325,L08325,L,300.1,308.7,1568,36.3,9,0,0,0,0,0,0,LINE2-M02,2026-07-30T03:20:00,OP-109,MAT-8810,NORMAL,
8326,M08326,M,303.1,312.0,1598,56.8,12,1,0,0,1,0,0,LINE1-M02,2026-07-30T03:24:00,OP-106,MAT-8809,FAILURE,PWF
8327,L08327,L,297.6,307.1,1668,29.1,14,0,0,0,0,0,0,LINE1-M01,2026-07-30T03:26:00,OP-108,MAT-8816,NORMAL,
8328,L08328,L,302.5,312.9,1935,38.6,16,0,0,0,0,0,0,LINE3-M02,2026-07-30T03:29:00,OP-104,MAT-8810,NORMAL,
8329,M08329,M,302.1,312.1,1387,43.3,19,0,0,0,0,0,0,LINE3-M01,2026-07-30T03:32:00,OP-108,MAT-8800,NORMAL,
8330,L08330,L,298.0,309.0,1189,35.3,21,0,0,0,0,0,0,LINE1-M01,2026-07-30T03:36:00,OP-100,MAT-8802,NORMAL,
8331,M08331,M,297.2,306.2,1533,52.8,24,0,0,0,0,0,0,LINE2-M02,2026-07-30T03:42:00,OP-109,MAT-8801,NORMAL,
8332,L08332,L,299.6,308.3,1399,50.7,26,0,0,0,0,0,0,LINE2-M02,2026-07-30T03:48:00,OP-104,MAT-8804,NORMAL,
8333,H08333,H,301.6,312.3,1172,43.5,31,0,0,0,0,0,0,LINE3-M01,2026-07-30T03:53:00,OP-111,MAT-8816,NORMAL,
8334,M08334,M,299.8,310.0,1765,54.5,34,1,0,0,1,0,0,LINE1-M02,2026-07-30T03:59:00,OP-108,MAT-8810,FAILURE,PWF
8335,H08335,H,302.2,314.2,1295,35.5,39,0,0,0,0,0,0,LINE2-M01,2026-07-30T04:01:00,OP-110,MAT-8812,NORMAL,
8336,L08336,L,300.9,312.7,1545,38.5,41,0,0,0,0,0,0,LINE1-M02,2026-07-30T04:07:00,OP-107,MAT-8810,NORMAL,
8337,L08337,L,296.0,307.7,1478,63.1,43,1,0,0,1,0,0,LINE2-M02,2026-07-30T04:11:00,OP-107,MAT-8811,FAILURE,PWF
8338,M08338,M,300.4,310.6,1627,33.2,46,0,0,0,0,0,0,LINE3-M01,2026-07-30T04:13:00,OP-102,MAT-8800,NORMAL,
8339,M08339,M,299.4,307.6,1793,29.2,49,0,0,0,0,0,0,LINE2-M02,2026-07-30T04:15:00,OP-111,MAT-8802,NORMAL,
8340,L08340,L,299.0,309.3,1445,38.7,51,0,0,0,0,0,0,LINE3-M01,2026-07-30T04:18:00,OP-105,MAT-8801,NORMAL,
8341,M08341,M,301.6,311.9,1638,42.5,54,0,0,0,0,0,0,LINE2-M01,2026-07-30T04:22:00,OP-102,MAT-8805,NORMAL,
8342,L08342,L,295.2,306.1,1229,41.7,56,0,0,0,0,0,0,LINE1-M02,2026-07-30T04:24:00,OP-105,MAT-8809,NORMAL,
8343,L08343,L,303.0,314.8,1921,29.0,58,0,0,0,0,0,0,LINE1-M01,2026-07-30T04:30:00,OP-100,MAT-8819,NORMAL,
8344,M08344,M,304.5,316.5,1625,35.0,61,0,0,0,0,0,0,LINE2-M01,2026-07-30T04:33:00,OP-110,MAT-8819,NORMAL,
8345,H08345,H,296.5,305.4,1168,40.1,66,0,0,0,0,0,0,LINE2-M02,2026-07-30T04:37:00,OP-102,MAT-8814,NORMAL,
8346,L08346,L,299.4,309.3,1201,27.1,68,1,0,0,1,0,0,LINE3-M02,2026-07-30T04:40:00,OP-108,MAT-8809,FAILURE,PWF
8347,L08347,L,302.7,310.7,1313,52.6,70,1,0,1,0,0,0,LINE1-M01,2026-07-30T04:43:00,OP-111,MAT-8814,FAILURE,HDF
8348,L08348,L,298.4,307.7,1541,41.5,72,0,0,0,0,0,0,LINE3-M02,2026-07-30T04:48:00,OP-110,MAT-8815,NORMAL,
8349,M08349,M,303.0,311.9,1529,32.9,75,0,0,0,0,0,0,LINE3-M02,2026-07-30T04:52:00,OP-110,MAT-8813,NORMAL,
8350,L08350,L,297.7,308.4,1206,45.1,77,0,0,0,0,0,0,LINE3-M02,2026-07-30T04:54:00,OP-104,MAT-8810,NORMAL,
8351,M08351,M,305.0,314.8,1439,40.4,80,0,0,0,0,0,0,LINE1-M02,2026-07-30T04:58:00,OP-106,MAT-8807,NORMAL,
8352,L08352,L,298.6,308.3,1503,44.9,82,0,0,0,0,0,0,LINE2-M02,2026-07-30T05:04:00,OP-100,MAT-8807,NORMAL,
8353,H08353,H,300.7,310.0,1228,49.8,87,0,0,0,0,0,0,LINE2-M02,2026-07-30T05:08:00,OP-103,MAT-8819,NORMAL,
8354,L08354,L,296.6,305.6,1647,44.1,89,0,0,0,0,0,0,LINE2-M01,2026-07-30T05:12:00,OP-100,MAT-8813,NORMAL,
8355,L08355,L,302.5,312.6,1491,34.3,91,0,0,0,0,0,0,LINE2-M02,2026-07-30T05:15:00,OP-103,MAT-8819,NORMAL,
8356,L08356,L,303.8,314.6,1365,40.1,93,0,0,0,0,0,0,LINE1-M02,2026-07-30T05:17:00,OP-111,MAT-8800,NORMAL,
8357,L08357,L,300.4,310.8,1849,36.3,95,0,0,0,0,0,0,LINE1-M01,2026-07-30T05:19:00,OP-102,MAT-8806,NORMAL,
8358,M08358,M,298.5,309.5,1349,41.9,98,0,0,0,0,0,0,LINE3-M02,2026-07-30T05:24:00,OP-105,MAT-8806,NORMAL,
8359,L08359,L,299.9,309.0,1636,21.7,100,0,0,0,0,0,0,LINE2-M02,2026-07-30T05:27:00,OP-111,MAT-8809,NORMAL,
8360,L08360,L,298.9,308.1,1192,44.9,102,0,0,0,0,0,0,LINE1-M02,2026-07-30T05:33:00,OP-105,MAT-8818,NORMAL,
8361,L08361,L,299.9,308.9,1279,53.4,104,0,0,0,0,0,0,LINE3-M02,2026-07-30T05:39:00,OP-102,MAT-8808,NORMAL,
8362,M08362,M,300.9,312.0,2078,39.2,107,0,0,0,0,0,0,LINE3-M02,2026-07-30T05:41:00,OP-111,MAT-8801,NORMAL,
8363,M08363,M,299.6,310.6,1168,49.9,110,0,0,0,0,0,0,LINE1-M02,2026-07-30T05:45:00,OP-110,MAT-8800,NORMAL,
8364,L08364,L,299.0,308.8,1583,40.4,112,0,0,0,0,0,0,LINE1-M02,2026-07-30T05:51:00,OP-105,MAT-8806,NORMAL,
8365,M08365,M,299.5,309.4,1511,41.1,115,0,0,0,0,0,0,LINE2-M01,2026-07-30T05:53:00,OP-110,MAT-8804,NORMAL,
8366,M08366,M,301.0,311.3,1219,41.3,118,0,0,0,0,0,0,LINE1-M02,2026-07-30T05:57:00,OP-102,MAT-8808,NORMAL,
8367,H08367,H,296.5,306.0,1481,38.1,123,0,0,0,0,0,0,LINE3-M01,2026-07-30T06:00:00,OP-100,MAT-8813,NORMAL,
8368,L08368,L,299.1,307.8,1440,45.5,125,0,0,0,0,0,0,LINE2-M02,2026-07-30T06:04:00,OP-109,MAT-8818,NORMAL,
8369,M08369,M,301.5,311.6,1635,33.4,128,0,0,0,0,0,0,LINE3-M02,2026-07-30T06:10:00,OP-111,MAT-8808,NORMAL,
8370,H08370,H,301.0,310.9,1398,52.5,133,0,0,0,0,0,0,LINE1-M02,2026-07-30T06:15:00,OP-108,MAT-8800,NORMAL,
8371,L08371,L,301.8,312.5,1560,54.6,135,0,0,0,0,0,0,LINE1-M01,2026-07-30T06:21:00,OP-100,MAT-8810,NORMAL,
8372,M08372,M,303.7,312.6,1760,35.6,138,0,0,0,0,0,0,LINE3-M02,2026-07-30T06:24:00,OP-109,MAT-8808,NORMAL,
8373,M08373,M,298.7,309.0,1495,52.1,141,0,0,0,0,0,0,LINE3-M01,2026-07-30T06:26:00,OP-102,MAT-8810,NORMAL,
8374,L08374,L,297.8,308.6,1441,27.0,143,0,0,0,0,0,0,LINE1-M02,2026-07-30T06:32:00,OP-110,MAT-8817,NORMAL,
8375,H08375,H,298.0,307.3,1670,28.4,148,0,0,0,0,0,0,LINE1-M01,2026-07-30T06:35:00,OP-106,MAT-8819,NORMAL,
8376,L08376,L,300.5,311.3,1557,44.6,150,0,0,0,0,0,0,LINE3-M02,2026-07-30T06:38:00,OP-103,MAT-8802,NORMAL,
8377,L08377,L,300.6,310.0,1451,45.6,152,0,0,0,0,0,0,LINE1-M02,2026-07-30T06:42:00,OP-110,MAT-8800,NORMAL,
8378,L08378,L,300.0,310.3,1790,61.0,154,1,0,0,1,0,0,LINE1-M02,2026-07-30T06:47:00,OP-101,MAT-8806,FAILURE,PWF
8379,L08379,L,302.6,311.3,1269,44.4,156,0,0,0,0,0,0,LINE1-M02,2026-07-30T06:52:00,OP-102,MAT-8801,NORMAL,
8380,L08380,L,297.0,305.7,1617,36.4,158,0,0,0,0,0,0,LINE2-M02,2026-07-30T06:56:00,OP-103,MAT-8811,NORMAL,
8381,H08381,H,303.9,313.9,1168,46.5,163,0,0,0,0,0,0,LINE1-M01,2026-07-30T06:58:00,OP-106,MAT-8819,NORMAL,
8382,M08382,M,297.4,306.6,1711,31.7,166,0,0,0,0,0,0,LINE1-M02,2026-07-30T07:01:00,OP-100,MAT-8811,NORMAL,
8383,M08383,M,303.5,314.7,1457,28.1,169,0,0,0,0,0,0,LINE2-M01,2026-07-30T07:03:00,OP-111,MAT-8811,NORMAL,
8384,M08384,M,303.3,313.1,1279,46.6,172,0,0,0,0,0,0,LINE3-M02,2026-07-30T07:05:00,OP-110,MAT-8800,NORMAL,
8385,L08385,L,298.5,306.8,1809,43.3,174,0,0,0,0,0,0,LINE2-M01,2026-07-30T07:07:00,OP-103,MAT-8804,NORMAL,
8386,M08386,M,301.5,311.8,1313,30.5,177,0,0,0,0,0,0,LINE1-M01,2026-07-30T07:11:00,OP-109,MAT-8803,NORMAL,
8387,L08387,L,300.5,310.7,1668,46.0,179,0,0,0,0,0,0,LINE1-M01,2026-07-30T07:13:00,OP-101,MAT-8818,NORMAL,
8388,L08388,L,299.3,309.5,1584,25.9,181,0,0,0,0,0,0,LINE1-M02,2026-07-30T07:19:00,OP-104,MAT-8806,NORMAL,
8389,L08389,L,297.2,306.8,1583,37.9,183,0,0,0,0,0,0,LINE3-M02,2026-07-30T07:22:00,OP-106,MAT-8807,NORMAL,
8390,H08390,H,300.2,309.3,1580,50.2,188,0,0,0,0,0,0,LINE1-M02,2026-07-30T07:25:00,OP-106,MAT-8818,NORMAL,
8391,L08391,L,299.7,310.2,1305,47.7,190,0,0,0,0,0,0,LINE1-M02,2026-07-30T07:29:00,OP-107,MAT-8807,NORMAL,
8392,L08392,L,296.1,304.6,1447,52.9,192,0,0,0,0,0,0,LINE2-M02,2026-07-30T07:32:00,OP-105,MAT-8807,NORMAL,
8393,M08393,M,298.8,309.1,1258,56.1,195,0,0,0,0,0,0,LINE3-M02,2026-07-30T07:34:00,OP-110,MAT-8807,NORMAL,
8394,H08394,H,301.6,311.8,1265,45.4,200,0,0,0,0,0,0,LINE1-M02,2026-07-30T07:37:00,OP-100,MAT-8812,NORMAL,
8395,H08395,H,298.3,308.5,1542,39.7,205,0,0,0,0,0,0,LINE1-M01,2026-07-30T07:40:00,OP-102,MAT-8810,NORMAL,
8396,L08396,L,298.7,308.5,1805,34.9,207,0,0,0,0,0,0,LINE3-M01,2026-07-30T07:45:00,OP-106,MAT-8812,NORMAL,
8397,H08397,H,300.6,311.2,1841,39.3,212,1,1,0,0,0,0,LINE2-M02,2026-07-30T07:50:00,OP-108,MAT-8819,FAILURE,TWF
8398,L08398,L,298.4,308.0,1751,30.4,214,1,1,0,0,0,0,LINE3-M01,2026-07-30T07:52:00,OP-101,MAT-8816,FAILURE,TWF
8399,M08399,M,298.7,309.2,1752,36.7,217,0,0,0,0,0,0,LINE2-M02,2026-07-30T07:56:00,OP-105,MAT-8813,NORMAL,
8400,L08400,L,299.6,309.9,1756,43.6,219,0,0,0,0,0,0,LINE1-M01,2026-07-30T08:00:00,OP-111,MAT-8817,NORMAL,
8401,M08401,M,300.6,310.5,1503,37.4,222,1,1,0,0,0,0,LINE1-M01,2026-07-30T08:04:00,OP-110,MAT-8817,FAILURE,TWF
8402,M08402,M,296.9,307.1,1223,35.8,225,1,1,0,0,0,0,LINE1-M01,2026-07-30T08:06:00,OP-109,MAT-8800,FAILURE,TWF
8403,L08403,L,300.5,309.5,1366,23.6,227,1,1,0,1,0,0,LINE2-M01,2026-07-30T08:10:00,OP-110,MAT-8816,FAILURE,"TWF,PWF"
8404,M08404,M,301.3,311.8,1470,40.0,230,1,1,0,0,0,0,LINE2-M01,2026-07-30T08:16:00,OP-106,MAT-8806,FAILURE,TWF
8405,M08405,M,301.1,311.6,1848,41.9,233,0,0,0,0,0,0,LINE2-M01,2026-07-30T08:21:00,OP-111,MAT-8810,NORMAL,
8406,L08406,L,300.0,310.6,1276,50.0,235,1,1,0,0,1,0,LINE1-M02,2026-07-30T08:24:00,OP-100,MAT-8803,FAILURE,"TWF,OSF"
8407,L08407,L,298.9,307.0,1323,28.3,237,1,1,1,0,0,0,LINE2-M02,2026-07-30T08:29:00,OP-111,MAT-8803,FAILURE,"TWF,HDF"
8408,L08408,L,296.4,307.8,1509,38.2,239,1,1,0,0,0,0,LINE2-M02,2026-07-30T08:33:00,OP-110,MAT-8814,FAILURE,TWF
8409,L08409,L,298.8,308.9,1530,51.9,0,0,0,0,0,0,0,LINE2-M01,2026-07-30T08:38:00,OP-101,MAT-8812,NORMAL,
8410,L08410,L,302.5,312.1,1544,31.3,2,0,0,0,0,0,0,LINE1-M02,2026-07-30T08:44:00,OP-102,MAT-8818,NORMAL,
8411,L08411,L,298.4,310.4,1318,38.5,4,0,0,0,0,0,0,LINE2-M01,2026-07-30T08:49:00,OP-110,MAT-8814,NORMAL,
8412,M08412,M,298.9,310.1,1186,42.4,7,0,0,0,0,0,0,LINE2-M02,2026-07-30T08:51:00,OP-102,MAT-8800,NORMAL,
8413,L08413,L,299.0,309.7,1201,42.2,9,0,0,0,0,0,0,LINE2-M02,2026-07-30T08:55:00,OP-110,MAT-8817,NORMAL,
8414,H08414,H,299.4,310.0,1476,36.3,14,0,0,0,0,0,0,LINE2-M01,2026-07-30T08:59:00,OP-109,MAT-8806,NORMAL,
8415,M08415,M,302.0,312.2,1240,34.9,17,0,0,0,0,0,0,LINE2-M02,2026-07-30T09:04:00,OP-111,MAT-8805,NORMAL,
8416,L08416,L,300.0,310.9,1633,33.1,19,0,0,0,0,0,0,LINE3-M01,2026-07-30T09:07:00,OP-106,MAT-8808,NORMAL,
8417,L08417,L,305.2,316.2,1343,12.3,21,1,0,0,1,0,0,LINE1-M02,2026-07-30T09:09:00,OP-105,MAT-8800,FAILURE,PWF
8418,H08418,H,300.4,308.7,1230,41.8,26,1,0,1,0,0,0,LINE3-M02,2026-07-30T09:14:00,OP-110,MAT-8802,FAILURE,HDF
8419,L08419,L,303.0,314.4,1459,43.8,28,0,0,0,0,0,0,LINE2-M02,2026-07-30T09:19:00,OP-106,MAT-8808,NORMAL,
8420,M08420,M,300.1,309.9,1188,57.2,31,0,0,0,0,0,0,LINE3-M01,2026-07-30T09:25:00,OP-109,MAT-8810,NORMAL,
8421,L08421,L,298.7,308.7,1390,46.7,33,0,0,0,0,0,0,LINE3-M01,2026-07-30T09:29:00,OP-106,MAT-8816,NORMAL,
8422,M08422,M,301.6,312.3,1315,20.5,36,1,0,0,1,0,0,LINE2-M01,2026-07-30T09:35:00,OP-111,MAT-8810,FAILURE,PWF
8423,L08423,L,300.6,311.2,1310,31.1,38,0,0,0,0,0,0,LINE3-M01,2026-07-30T09:39:00,OP-105,MAT-8803,NORMAL,
8424,H08424,H,298.7,308.1,1446,39.7,43,0,0,0,0,0,0,LINE3-M02,2026-07-30T09:44:00,OP-100,MAT-8807,NORMAL,
8425,M08425,M,296.8,305.5,1335,36.1,46,0,0,0,0,0,0,LINE3-M01,2026-07-30T09:49:00,OP-104,MAT-8802,NORMAL,
8426,L08426,L,300.8,310.7,1378,25.0,48,0,0,0,0,0,0,LINE1-M01,2026-07-30T09:51:00,OP-103,MAT-8806,NORMAL,
8427,L08427,L,299.3,308.4,1568,31.0,50,0,0,0,0,0,0,LINE1-M01,2026-07-30T09:57:00,OP-108,MAT-8801,NORMAL,
8428,H08428,H,300.6,310.4,1861,56.4,55,1,0,0,1,0,0,LINE2-M02,2026-07-30T10:00:00,OP-101,MAT-8805,FAILURE,PWF
8429,H08429,H,303.4,311.6,2026,38.4,60,0,0,0,0,0,0,LINE3-M02,2026-07-30T10:04:00,OP-101,MAT-8816,NORMAL,
8430,L08430,L,297.9,308.5,1625,28.6,62,0,0,0,0,0,0,LINE2-M01,2026-07-30T10:06:00,OP-104,MAT-8817,NORMAL,
8431,L08431,L,298.2,309.6,1807,20.5,64,0,0,0,0,0,0,LINE1-M01,2026-07-30T10:08:00,OP-105,MAT-8806,NORMAL,
8432,M08432,M,303.0,312.8,1247,66.5,67,0,0,0,0,0,0,LINE1-M02,2026-07-30T10:12:00,OP-108,MAT-8801,NORMAL,
8433,H08433,H,300.5,310.1,1600,44.9,72,0,0,0,0,0,0,LINE1-M02,2026-07-30T10:17:00,OP-101,MAT-8819,NORMAL,
8434,H08434,H,299.7,309.8,1345,47.1,77,0,0,0,0,0,0,LINE1-M02,2026-07-30T10:23:00,OP-104,MAT-8803,NORMAL,
8435,M08435,M,299.6,309.7,1168,40.7,80,0,0,0,0,0,0,LINE1-M01,2026-07-30T10:25:00,OP-110,MAT-8811,NORMAL,
8436,H08436,H,299.5,310.9,1322,46.2,85,0,0,0,0,0,0,LINE2-M02,2026-07-30T10:30:00,OP-108,MAT-8808,NORMAL,
8437,M08437,M,300.3,311.6,1435,30.0,88,0,0,0,0,0,0,LINE2-M02,2026-07-30T10:34:00,OP-106,MAT-8805,NORMAL,
8438,L08438,L,300.3,310.0,1206,40.0,90,0,0,0,0,0,0,LINE3-M02,2026-07-30T10:38:00,OP-107,MAT-8806,NORMAL,
8439,H08439,H,298.8,306.7,1885,33.8,95,0,0,0,0,0,0,LINE2-M02,2026-07-30T10:44:00,OP-101,MAT-8815,NORMAL,
8440,L08440,L,300.5,310.8,1342,47.6,97,0,0,0,0,0,0,LINE2-M01,2026-07-30T10:46:00,OP-110,MAT-8805,NORMAL,
8441,L08441,L,303.0,312.6,1367,15.2,99,1,0,0,1,0,0,LINE2-M01,2026-07-30T10:52:00,OP-101,MAT-8817,FAILURE,PWF
8442,L08442,L,301.3,310.1,1227,58.8,101,0,0,0,0,0,0,LINE2-M01,2026-07-30T10:55:00,OP-109,MAT-8801,NORMAL,
8443,M08443,M,298.5,310.1,1286,33.0,104,0,0,0,0,0,0,LINE2-M01,2026-07-30T10:57:00,OP-109,MAT-8808,NORMAL,
8444,L08444,L,300.1,310.5,1488,34.8,106,0,0,0,0,0,0,LINE3-M01,2026-07-30T11:00:00,OP-106,MAT-8800,NORMAL,
8445,L08445,L,296.7,306.8,1540,35.9,108,0,0,0,0,0,0,LINE2-M01,2026-07-30T11:06:00,OP-109,MAT-8815,NORMAL,
8446,L08446,L,299.8,310.4,1168,37.6,110,0,0,0,0,0,0,LINE3-M01,2026-07-30T11:12:00,OP-110,MAT-8801,NORMAL,
8447,L08447,L,299.9,311.0,1577,45.2,112,0,0,0,0,0,0,LINE2-M01,2026-07-30T11:18:00,OP-109,MAT-8815,NORMAL,
8448,H08448,H,302.4,313.7,1487,47.9,117,0,0,0,0,0,0,LINE1-M01,2026-07-30T11:24:00,OP-104,MAT-8804,NORMAL,
8449,L08449,L,303.6,312.7,1530,39.5,119,0,0,0,0,0,0,LINE1-M01,2026-07-30T11:27:00,OP-101,MAT-8806,NORMAL,
8450,L08450,L,300.7,309.2,1416,20.8,121,1,0,0,1,0,0,LINE3-M01,2026-07-30T11:32:00,OP-102,MAT-8812,FAILURE,PWF
8451,M08451,M,300.8,311.0,1168,58.4,124,0,0,0,0,0,0,LINE1-M02,2026-07-30T11:37:00,OP-107,MAT-8810,NORMAL,
8452,M08452,M,298.7,307.9,1530,42.5,127,0,0,0,0,0,0,LINE2-M02,2026-07-30T11:40:00,OP-103,MAT-8802,NORMAL,
8453,L08453,L,300.6,310.4,1168,48.8,129,0,0,0,0,0,0,LINE2-M02,2026-07-30T11:44:00,OP-109,MAT-8801,NORMAL,
8454,M08454,M,298.5,309.8,1374,30.9,132,0,0,0,0,0,0,LINE2-M01,2026-07-30T11:48:00,OP-106,MAT-8817,NORMAL,
8455,L08455,L,298.6,308.9,1190,51.5,134,0,0,0,0,0,0,LINE1-M02,2026-07-30T11:50:00,OP-109,MAT-8812,NORMAL,
8456,H08456,H,305.3,315.8,1520,55.2,139,0,0,0,0,0,0,LINE1-M01,2026-07-30T11:52:00,OP-105,MAT-8812,NORMAL,
8457,H08457,H,298.6,308.4,1366,38.1,144,0,0,0,0,0,0,LINE1-M02,2026-07-30T11:57:00,OP-102,MAT-8802,NORMAL,
8458,H08458,H,297.4,305.9,1561,43.7,149,0,0,0,0,0,0,LINE1-M02,2026-07-30T11:59:00,OP-101,MAT-8816,NORMAL,
8459,M08459,M,296.5,307.5,1432,32.6,152,0,0,0,0,0,0,LINE3-M01,2026-07-30T12:04:00,OP-102,MAT-8819,NORMAL,
8460,L08460,L,298.1,307.3,1338,49.9,154,0,0,0,0,0,0,LINE2-M02,2026-07-30T12:09:00,OP-110,MAT-8816,NORMAL,
8461,L08461,L,299.9,309.5,1358,29.2,156,0,0,0,0,0,0,LINE1-M01,2026-07-30T12:15:00,OP-101,MAT-8814,NORMAL,
8462,L08462,L,298.8,309.2,1997,34.8,158,0,0,0,0,0,0,LINE1-M01,2026-07-30T12:17:00,OP-104,MAT-8815,NORMAL,
8463,L08463,L,301.4,311.4,1527,33.4,160,0,0,0,0,0,0,LINE3-M02,2026-07-30T12:19:00,OP-101,MAT-8810,NORMAL,
8464,L08464,L,298.4,307.4,1418,41.3,162,0,0,0,0,0,0,LINE2-M01,2026-07-30T12:22:00,OP-111,MAT-8819,NORMAL,
8465,L08465,L,299.5,310.2,1621,48.4,164,0,0,0,0,0,0,LINE1-M02,2026-07-30T12:24:00,OP-100,MAT-8814,NORMAL,
8466,L08466,L,296.4,306.1,1484,34.2,166,0,0,0,0,0,0,LINE1-M01,2026-07-30T12:29:00,OP-108,MAT-8804,NORMAL,
8467,L08467,L,298.4,309.0,1936,39.1,168,0,0,0,0,0,0,LINE2-M02,2026-07-30T12:34:00,OP-102,MAT-8804,NORMAL,
8468,M08468,M,299.5,310.8,1437,25.8,171,0,0,0,0,0,0,LINE1-M01,2026-07-30T12:37:00,OP-111,MAT-8817,NORMAL,
8469,L08469,L,301.6,312.6,1793,34.4,173,0,0,0,0,0,0,LINE2-M02,2026-07-30T12:39:00,OP-109,MAT-8814,NORMAL,
8470,L08470,L,299.5,308.0,1605,47.5,175,0,0,0,0,0,0,LINE2-M01,2026-07-30T12:44:00,OP-101,MAT-8814,NORMAL,
8471,M08471,M,301.9,311.4,1247,29.0,178,0,0,0,0,0,0,LINE2-M01,2026-07-30T12:47:00,OP-108,MAT-8814,NORMAL,
8472,M08472,M,302.2,312.6,1168,18.4,181,1,0,0,1,0,0,LINE3-M01,2026-07-30T12:49:00,OP-100,MAT-8803,FAILURE,PWF
8473,H08473,H,302.5,311.9,1453,56.9,186,0,0,0,0,0,0,LINE1-M02,2026-07-30T12:54:00,OP-104,MAT-8801,NORMAL,
8474,M08474,M,301.6,311.7,1469,42.7,189,0,0,0,0,0,0,LINE1-M01,2026-07-30T13:00:00,OP-103,MAT-8818,NORMAL,
8475,L08475,L,302.0,312.5,1445,45.3,191,0,0,0,0,0,0,LINE2-M02,2026-07-30T13:03:00,OP-103,MAT-8818,NORMAL,
8476,H08476,H,302.0,310.7,1344,34.1,196,0,0,0,0,0,0,LINE1-M02,2026-07-30T13:06:00,OP-105,MAT-8818,NORMAL,
8477,M08477,M,298.6,307.5,1197,44.2,199,0,0,0,0,0,0,LINE3-M01,2026-07-30T13:11:00,OP-103,MAT-8812,NORMAL,
8478,M08478,M,303.4,313.7,1307,45.9,202,0,0,0,0,0,0,LINE2-M01,2026-07-30T13:14:00,OP-108,MAT-8801,NORMAL,
8479,M08479,M,302.0,310.8,1265,33.9,205,0,0,0,0,0,0,LINE1-M02,2026-07-30T13:20:00,OP-108,MAT-8802,NORMAL,
8480,L08480,L,299.7,309.1,1590,25.2,207,1,1,0,0,0,0,LINE2-M01,2026-07-30T13:26:00,OP-103,MAT-8802,FAILURE,TWF
8481,L08481,L,302.3,313.5,1631,28.3,209,0,0,0,0,0,0,LINE3-M01,2026-07-30T13:30:00,OP-101,MAT-8803,NORMAL,
8482,M08482,M,300.5,311.5,1600,47.8,212,0,0,0,0,0,0,LINE3-M01,2026-07-30T13:33:00,OP-109,MAT-8803,NORMAL,
8483,H08483,H,299.6,309.6,1335,62.1,217,1,1,0,0,1,0,LINE2-M01,2026-07-30T13:37:00,OP-103,MAT-8805,FAILURE,"TWF,OSF"
8484,L08484,L,302.6,313.4,1168,27.0,219,1,0,0,1,0,0,LINE3-M02,2026-07-30T13:40:00,OP-104,MAT-8806,FAILURE,PWF
8485,L08485,L,300.8,310.5,1444,50.7,221,1,0,0,0,1,0,LINE3-M01,2026-07-30T13:44:00,OP-108,MAT-8818,FAILURE,OSF
8486,M08486,M,299.9,309.2,1253,50.5,224,0,0,0,0,0,0,LINE1-M01,2026-07-30T13:49:00,OP-103,MAT-8812,NORMAL,
8487,H08487,H,298.2,308.3,1530,45.0,229,1,1,0,0,0,0,LINE1-M02,2026-07-30T13:54:00,OP-101,MAT-8810,FAILURE,TWF
8488,M08488,M,303.4,314.6,1318,52.7,232,1,1,0,0,1,0,LINE2-M01,2026-07-30T13:58:00,OP-109,MAT-8809,FAILURE,"TWF,OSF"
8489,L08489,L,299.5,310.3,1168,46.5,234,1,1,0,0,0,0,LINE1-M02,2026-07-30T14:00:00,OP-101,MAT-8810,FAILURE,TWF
8490,M08490,M,300.9,310.2,1317,42.1,237,1,1,0,0,0,0,LINE1-M01,2026-07-30T14:05:00,OP-110,MAT-8818,FAILURE,TWF
8491,L08491,L,301.7,313.4,1706,22.9,239,1,1,0,0,0,0,LINE1-M02,2026-07-30T14:11:00,OP-107,MAT-8818,FAILURE,TWF
8492,M08492,M,302.8,312.1,1877,35.3,0,0,0,0,0,0,0,LINE3-M01,2026-07-30T14:16:00,OP-110,MAT-8809,NORMAL,
8493,L08493,L,300.7,311.3,1424,54.0,2,0,0,0,0,0,0,LINE1-M01,2026-07-30T14:18:00,OP-111,MAT-8810,NORMAL,
8494,M08494,M,297.3,307.0,1168,34.8,5,0,0,0,0,0,0,LINE1-M01,2026-07-30T14:24:00,OP-101,MAT-8803,NORMAL,
8495,M08495,M,301.9,310.4,1347,38.9,8,1,0,1,0,0,0,LINE3-M01,2026-07-30T14:28:00,OP-102,MAT-8802,FAILURE,HDF
8496,L08496,L,297.9,309.0,1727,57.5,10,1,0,0,1,0,0,LINE3-M02,2026-07-30T14:34:00,OP-100,MAT-8812,FAILURE,PWF
8497,L08497,L,299.9,310.6,1746,34.1,12,0,0,0,0,0,0,LINE1-M01,2026-07-30T14:38:00,OP-108,MAT-8803,NORMAL,
8498,L08498,L,296.3,306.7,1717,27.4,14,0,0,0,0,0,0,LINE2-M01,2026-07-30T14:44:00,OP-106,MAT-8817,NORMAL,
8499,H08499,H,302.4,311.4,1685,53.3,19,1,0,0,1,0,0,LINE2-M01,2026-07-30T14:48:00,OP-107,MAT-8808,FAILURE,PWF
8500,L08500,L,300.9,311.2,1692,23.7,21,0,0,0,0,0,0,LINE3-M02,2026-07-30T14:54:00,OP-106,MAT-8807,NORMAL,
